{
    "frames": [
        {
            "filename": "pikagif-1",
            "frame": {
                "x": 1,
                "y": 1,
                "w": 450,
                "h": 321
            },
            "anchor": {
                "x": 0.5,
                "y": 0.5
            }
        },
        {
            "filename": "pikagif-2",
            "frame": {
                "x": 453,
                "y": 1,
                "w": 450,
                "h": 321
            },
            "anchor": {
                "x": 0.5,
                "y": 0.5
            }
        },
        {
            "filename": "pikagif-0",
            "frame": {
                "x": 905,
                "y": 1,
                "w": 450,
                "h": 321
            },
            "anchor": {
                "x": 0.5,
                "y": 0.5
            }
        },
        {
            "filename": "pikagif-3",
            "frame": {
                "x": 1357,
                "y": 1,
                "w": 450,
                "h": 321
            },
            "anchor": {
                "x": 0.5,
                "y": 0.5
            }
        }
    ],
    "meta": {
        "description": "Atlas generado con Atlas Packer Phaser3",
        "web": "https://gammafp.github.io/atlas-packer-phaser/"
    }
}