{
    "anims": [
        {
            "key": "pika_walk",
            "type": "frames",
            "repeat": -1,
            "frameRate": 12,
            "frames": [
                {
                    "key": "pika",
                    "frame": "pikagif-1"
                },
                {
                    "key": "pika",
                    "frame": "pikagif-1"
                },
                {
                    "key": "pika",
                    "frame": "pikagif-2"
                },
                {
                    "key": "pika",
                    "frame": "pikagif-0"
                },
                {
                    "key": "pika",
                    "frame": "pikagif-3"
                }
            ]
        }
    ]
}